step,title,result
01,Signature emergence,"3/4, sqrt(3/5), pi/4 recovered"
02,Invariant ring,stable band reconstructed
03,Coupling geometry,maximum gap at pi/4
04,Redistributive law,A+B=1
05,Coherence breakdown,partial coupling identified
06,Circle / ellipse,perfect vs partial coupling
07,Bifocal residual,focus separation emerges
08,Coupling bridge,residual storage between foci
09,Orthogonal signature,theta + phi = 90
10,Shadow trace,normal/tangent balance
11,Tangent plane,projection origin recovered
12,Convergence audit,all paths return pi/4
13,Object identification,11/11 criteria
14,Uniqueness test,alternative models fail
15,Internal operators,eta → fc → B → Phi → alpha
16,Dual closure,conceptual vs operational Phi
17,Projection bridge,operational alpha reconstructs H0
